36410,[준법감시/법무] 내부회계 담당자,한국카카오은행,대기업,20190219,20190419,https://www.kakaobank.com,https://kakaobank.recruiter.co.kr/app/jobnotice/view?systemKindCode=MRS2&jobnoticeSn=6653,http://www.work.go.kr/framework/filedownload/getImage.do?filePathName=KuBCC2IodBkj%2Frlv8XuRikllvXFHstD22ZTSxou4%2FB1nJxTKvrrXInEbGnSxP9M07suWeZYPwv8GKFqD7PXO%2Fg%3D%3D,정규직,,,,,서류전형,,,,1차 실무진 면접전형,,,,2차 경영진 면접전형,,,,연봉 및 처우협의,,,,최종합격,,,,기타,,※ 각 전형 결과 및 면접 일정은 홈페이지 및 메일을 통해 개별적으로 안내드리고 있습니다,,,,,,[준법감시/법무] 내부회계 담당자,* 내부회계관리제도 업무 전반 - 내부회계관리제도의 설계, 운영, 점검, 보고와 관련된 정책 및 절차 수립 - 내부회계관리제도의 설계 및 운영에 대한 정기적인 효과성 점검 - 내부회계관리제도 효과성 점검 결과에 대한 보고 및 사후관리 - 외부감사인에 의한 내부회계관리제도 검토 수검 총괄 - 내부회계시스템 운영 - 기타 내부회계관리제도 유지 · 강화를 위한 활동,경력,,- 공인회계사 등 관련 자격증 소지자 - 긍정적 사고와 커뮤니케이션 역량이 뛰어난 분,0,,경기 성남시 분당구,,,,,,,,,,,,,,,,,,,,,,,,,,,,,,,,,,,,,,,,,,,,,,,,,,,,,,,,,,,,,,,,,,,,,,,,,,,,,,,,,,,,,,,,,,,,,,,,,,,,,,,,,,,,,,,,,,,,,,,,,,,,,,,,,,,,,,,,,,,,,,,,,,,,,,,,,027100,회계 사무원,,,,,,,,,[우대사항] - 국가유공자 및 장애인 등 취업보호대상자는 관계법령에 따라 우대합니다. (입사지원 시 증빙서류를 첨부하는 경우에 해당하며, 증빙서류는 포트폴리오 란에 첨부해주시길 바랍니다.) [근무지/근무부서] - 근무지 : 카카오뱅크 판교오피스 (경기도 성남시 분당구 판교역로 231) - 근무부서 : 준법감시/법무파트,- 문의사항 : recruit@kakaobank.com / 채용Q&A,※ 최근 6개월 내 카카오뱅크로의 지원이력이 있는 경우 입사지원이 제한됩니다.
36407,[개인정보보호] 개인정보보호 업무 담당자 (5년 이상),한국카카오은행,대기업,20190219,20190419,https://www.kakaobank.com,https://kakaobank.recruiter.co.kr/app/jobnotice/view?systemKindCode=MRS2&jobnoticeSn=2710,http://www.work.go.kr/framework/filedownload/getImage.do?filePathName=KuBCC2IodBkj%2Frlv8XuRikllvXFHstD22ZTSxou4%2FB1nJxTKvrrXInEbGnSxP9M07suWeZYPwv8GKFqD7PXO%2Fg%3D%3D,정규직,,,,,서류전형,,,,1차 실무진 면접전형,,,,2차 경영진 면접전형,,,,연봉 및 처우협의,,,,최종합격,,,,기타,,※ 각 전형 결과 및 면접 일정은 홈페이지 및 메일을 통해 개별적으로 안내드리고 있습니다,,,,,,개인정보보호(5년 이상),- 대외서비스의 개인정보 영향평가, 컴플라이언스 검토 - 개인정보 생명주기 정책 관리 - 개인정보보호 관련 법률 준수 여부 점검 - 개인정보보호 교육,경력,,- 법학 전공자 우대 - 은행권 개인정보보호 업무 경험이 있는 분,0,,경기 성남시 분당구,,,,,,,,,,,,,,,,,,,,,,,,,,,,,,,,,,,,,,,,,,,,,,,,,,,,,,,,,,,,,,,,,,,,,,,,,,,,,,,,,,,,,,,,,,,,,,,,,,,,,,,,,,,,,,,,,,,,,,,,,,,,,,,,,,,,,,,,,,,,,,,,,,,,,,,,,135000,정보보안 전문가,,,,,,,,,[우대사항] - 국가유공자 및 장애인 등 취업보호대상자는 관계법령에 따라 우대합니다. (입사지원 시 증빙서류를 첨부하는 경우에 해당하며, 증빙서류는 포트폴리오 란에 첨부해주시길 바랍니다.) [근무지/근무부서] - 근무지 : 카카오뱅크 판교오피스 (경기도 성남시 분당구 판교역로 231) - 근무부서 : 개인정보보호파트,- 문의사항 : recruit@kakaobank.com / 채용Q&A,※ 최근 6개월 내 카카오뱅크로의 지원이력이 있는 경우 입사지원이 제한됩니다.
36404,2019년 건설부문 경력사원 모집,현대오토에버,대기업,20190219,20190419,http://www.hyundai-autoever.com,http://recruit.hyundai-autoever.com/index.jsp,http://www.work.go.kr/framework/filedownload/getImage.do?filePathName=KuBCC2IodBkj%2Frlv8XuRiv8Yi2YJ1rUO9OBUCQvss%2F0gn3QjUEBQEGyMHrD521Kd7suWeZYPwv8GKFqD7PXO%2Fg%3D%3D,기타,,,,,서류전형,,,,역량(실무)면접, 인성면접,,면접일시는 서류전형 합격자에 한하여 개별통보 예정입니다.,,신체검사 후 최종합격,,,,,,,,,,,,,,,,,,,,안전관리,- 산업안전기사 or 건설안전기사 자격증 보유 必 - 건설현장 위해 및 위험 방지 계획 수립/운영 - 요구경력 : 5년이상,경력,,,,,충남 당진시,,,,,,,,,,,,,,,,,,,,,,,,,,,,,,,,,,,,,,,,,,,,,,,,,,,,,,,,,,,,,,,,,,,,,,,,,,,,,,,,,,,,,,,,,,,,,,,,,,,,,,,,,,,,,,,,,,,,,,,,,,,,,,,,,,,,,,,,,,,,,,,,,,,,,,,,,140206,건축안전·환경·품질·에너지관리 기술자,,,,,,,,,[고용형태] - 계약직 [프로젝트 종료기간] - &apos;21년 말 [부문] - 철강 [공통자격요건] - 해외여행 및 근무에 결격사유가 없는 자 - 병역필 또는 면제자 - 영어회화 가능자 우대 ※ 국가보훈대상자 및 장애인은 관계법령에 의거 우대합니다.,- 채용 홈페이지 > GUIDE > FAQ 참조,- 제출된 서류는 지원이력 위해 3년간 보관 후 삭제되며, 요청시 반환받을 수 있습니다. - 입사지원서 내용이 허위로 판명될 시에는 입사가 취소될 수 있습니다.
36378,Data Scientist (LINE 유저 데이터 분석 및 머신러닝 모델 연구/개발),라인플러스,중견기업,20190218,20190418,http://linepluscorp.com,https://recruit.linepluscorp.com/lineplus/career/detail/20002598?classId=&entTypeCd=&tag=&page=,http://www.work.go.kr/framework/filedownload/getImage.do?filePathName=KuBCC2IodBkj%2Frlv8XuRio7tN8%2FfS0w1%2BizSZ9MRlvId5wEzldWhQQFQW5j5C9ob7suWeZYPwv8GKFqD7PXO%2Fg%3D%3D,정규직,,,,,서류전형,,서류 합격자를 대상으로 온라인 필기테스트 전형이 있습니다. 온라인 필기테스트 합격자에 한해 1차 면접이 진행됩니다. 필기테스트는 머신러닝 관련 Linear Algebra, Calculus, Probability/Statistics 에 대한 지식을 테스트합니다.,,과제전형,,,,면접,,,,레퍼런스 체크,,,,처우협의/최종합격,,,,기타,,- 채용절차에 관한 자세한 사항은 채용 홈페이지를 참조하시기 바랍니다. - 전형일정 및 결과는 지원서에 등록하신 이메일로 개별 안내드립니다.,,,,,,Data Scientist,- LINE 유저 데이터 분석 및 비즈니스 인사이트 도출 - Machine Learning 모델(개인화 추천, 피드 랭킹, Anomaly Detection 등) 연구/개발 ● 현재 부서에서 진행중인 프로젝트는 다음과 같습니다. - 개인화 추천: YouTube나 Netflix와 같이 개인의 취향에 맞는 컨텐츠를 추천하기 위한 모델을 개발합니다. - 피드 랭킹: LINE의 SNS인 타임라인 피드에서 포스트가 &apos;좋아요&apos;를 받을 확률을 예측하는 모델을 개발합니다. - Anomaly Detection: 타임라인 상에서 이상 행동을 보이는 유저를 식별하는 모델을 개발합니다.,,,● 다음 주제에 대한 지식 또는 경험 - Deep Learning - Convex Optimization - Causal Inference - Bayesian Statistics,,,경기 성남시 분당구,,,,,,,,,,,,,,,,,,,,,,,,,,,,,,,,,,,,,,,,,,,,,,,,,,,,,,,,,,,,,,,,,,,,,,,,,,,,,,,,,,,,,,,,,,,,,,,,,,,,,,,,,,,,,,,,,,,,,,,,,,,,,,,,,,,,,,,,,,,,,,,,,,,,,,,,,134303,IT 기술지원 전문가,,,,,,,,,[근무국가] - 한국 ※ 국가 유공자 및 장애인 등 취업보호대상자는 관계법령에 따라 우대합니다.,- 기타 채용 관련 문의사항은 채용 공고 페이지 상단 '채용문의' 또는 공지 사항을 참고하여 문의 부탁드립니다.,- 본 공고는 수시 모집으로 채용완료 시 조기 마감될 수 있습니다. - 지원서 내용 중 허위사실이 있는 경우 합격이 취소될 수 있습니다.
36377,Data Platform 개발,라인플러스,중견기업,20190218,20190418,http://linepluscorp.com,https://recruit.linepluscorp.com/lineplus/career/detail/20002600?classId=&entTypeCd=&tag=&page=,http://www.work.go.kr/framework/filedownload/getImage.do?filePathName=KuBCC2IodBkj%2Frlv8XuRio7tN8%2FfS0w1%2BizSZ9MRlvId5wEzldWhQQFQW5j5C9ob7suWeZYPwv8GKFqD7PXO%2Fg%3D%3D,정규직,,,,,서류전형,,,,과제전형,,,,면접,,,,레퍼런스체크,,,,처우협의/최종합격,,,,기타,,- 전형일정 및 결과는 지원서에 등록하신 이메일로 개별 안내드립니다. - 채용절차 관한 자세한 사항은 채용홈페이지를 참조하시기 바랍니다.,,,,,,Data Platform 개발,- LINE을 구성하는 플랫폼들과 서비스들을 위한 데이터 처리 및 데이터 분석 시스템 개발 - Kafka와 Elasticsearch, Hadoop을 이용한 분산 데이터 처리 시스템 설계 및 구축 - 실시간 데이터 분석을 위한 대규모 데이터 파이프 라인 구축 - 고 가용 서비스 제공을 위한 시스템 자동화 및 신뢰성 높은 시스템 설계 및 구축,경력,,- 대규모 데이터를 취급하는 Kafka와 Hadoop등을 이용한 분석 및 디버깅, 최적화 하는 지식 또는 기술 - 분산 데이터 파이프 라인에서 &apos;at-least-once&apos;, &apos;exactly-once&apos;등의 개념을 이해하고, 시스템을 구축하는 기술 - Elasticsearch, Hadoop, Spark등의 데이터 분석 엔진에 대한 이해 - HDFS Federation 구축 및 운영 경험 - Kerberos를 적용한 Secured Hadoop 클러스터 구축 및 운영 경험 - RDB와 관련된 지식 - 24시간 동작하는 시스템을 제공한 경험 - JVM GC와 관련된 트러블 슈팅 및 튜닝 경험 - Maven, Git 이용 경험 - 외국어로 업무 진행이 가능한 자 (영어, 일본어),,,경기 성남시 분당구,,,,,,,,,,,,,,,,,,,,,,,,,,,,,,,,,,,,,,,,,,,,,,,,,,,,,,,,,,,,,,,,,,,,,,,,,,,,,,,,,,,,,,,,,,,,,,,,,,,,,,,,,,,,,,,,,,,,,,,,,,,,,,,,,,,,,,,,,,,,,,,,,,,,,,,,,133201,JAVA 프로그래밍 언어 전문가,,,,,,,,,※ 국가 유공자 및 장애인 등 취업보호대상자는 관계법령에 따라 우대합니다. [근무국가] - 한국,기타 채용 관련 문의사항은 채용 공고 페이지 상단 '채용문의' 또는 공지 사항을 참고하여 문의 부탁드립니다.,- 본 공고는 수시 모집으로 채용완료 시 조기 마감될 수 있습니다. - 지원서 내용 중 허위사실이 있는 경우 합격이 취소될 수 있습니다
36330,2019년 IT부문 경력사원 모집,현대오토에버,대기업,20190218,20190418,http://www.hyundai-autoever.com,http://recruit.hyundai-autoever.com/index.jsp,http://www.work.go.kr/framework/filedownload/getImage.do?filePathName=KuBCC2IodBkj%2Frlv8XuRiv8Yi2YJ1rUO9OBUCQvss%2F0gn3QjUEBQEGyMHrD521Kd7suWeZYPwv8GKFqD7PXO%2Fg%3D%3D,정규직,,,,,서류전형,,,,역량(실무면접), 온라인 인성검사, 코딩테스트(필요시 영어구술평가, 필기/실기평가 실시),,,,인성(임원)면접,,,,신체검사 후 최종합격,,,,기타,,면접일시는 서류전형 합격자에 한하여 개별통보 예정입니다.,,,,,,,,,,IT_인프라 운영/구축,- 제철 공장 네트워크 인프라 운영,경력,,- 네트워크 인프라 구축/운영 경험 - 방화벽 /IPS 구축/운영 경험,,,충남 당진시,IT_인프라 운영/구축,- 부품 연구소 인프라/서버 관리 및 운영,경력,,- 서버/스토리지/백업시스템 운영 경험 - 가상화/클라우드 시스템 운영 경험 - Oracle Exatada 운영 경험,,,경기 용인시 기흥구,IT_시스템 개발/운영,- 부품 공장 MES 시스템 개발 및 운영,경력,,- C#,Net 기반 개발 및 운영 경험 - Spring Framework 기반 운영 경험 - MES 시스템 운영 경험,,,충남 서산시,IT_시스템 개발/운영,- 부품 공장 MES 시스템 개발 및 운영,경력,,- 제조업 MES 기획/구축 경험 - MS- SQL DBMS 및 NT Server 운영 경험 - C++,C# 기반 MES 개발 경험 - ASP.NET 기반 WEB 개발 및 운영 경험,,,충남 천안시,IT_시스템 개발/운영,- 부품 연구소 PLM 시스템 개발 및 운영,경력,,- 부품 개발, 기술정보관리 등 R&D 부분 시스템 개발 및 운영 경험 - JAVA 기반 WEB 개발 및 운영 경험,,,경기 용인시 기흥구,IT_시스템 개발/운영,- SAP CO/TR/FI,경력,,- SAP CO/TR/FI 구축/운영 경험 - ABAP 프로그램 개발 및 운영 경험,,,서울 종로구,IT_시스템 개발/운영,- SAP MM/PM/QM/FCM(*각 모듈별 모집),경력,,- 제조업 관련 MM/PM/QM/FCM 모듈 구축/운영 경험 - 제조업 관련 ABAP 및 기타 프로그램 개발 경험 - �,,,,,,,,,,,,,,,,,,,,,,,,,,,,,,,,,,,,,,,,,,,,,,,,,,,,,,,,,,,,,,,,,,,,,,,,,,,,,,,,,,,,,,,,,,,,,,,,,,,,,,,,,,,,,,,,,,,,,,,,
36316,New Business Development (중화권),라인플러스,중견기업,20190214,20190414,http://linepluscorp.com,https://recruit.linepluscorp.com/lineplus/career/detail/20001582?classId=&entTypeCd=&tag=&page=,http://www.work.go.kr/framework/filedownload/getImage.do?filePathName=KuBCC2IodBkj%2Frlv8XuRio7tN8%2FfS0w1%2BizSZ9MRlvId5wEzldWhQQFQW5j5C9ob7suWeZYPwv8GKFqD7PXO%2Fg%3D%3D,정규직,,,,,서류전형,,,,과제전형,,,,면접,,,,레퍼런스체크,,,,처우협의/최종합격,,,,기타,,전형일정 및 결과는 지원서에 등록하신 이메일로 개별 안내드립니다.,,,,,,New Business Development (중화권),- 중화권 신사업 개발 및 사업전략 수립 (컨텐츠 서비스 및 AI 사업 분야) - 해외 지사 성장 니즈에 근거한 신규 사업 기회 발굴 및 사업 기획 - 중화권 인터넷/모바일 시장 트렌드 및 케이스 스터디를 통한 인사이트 발굴 - 중국 시장 진출 및 해외 지사 성장을 위한 다양한 파트너쉽(M&A, JV, 지분 투자) 기회 발굴 및 타당성 검토 - 마켓 인사이트에 근거한 신규 사업 기획 및 사업 계획서 작성/보고 - 신사업 계획에 근거한 사업 추진 및 지원,경력,,- 다국적기업 아태지역 사업전략 경력자 우대 - 컨텐츠 및 AI 관련 사업 제휴 경력자 우대 - 비즈니스 level 또는 이상의 중국어 가능자 우대 - 중국/대만 현지 사업 경력자 우대,,,경기 성남시 분당구,,,,,,,,,,,,,,,,,,,,,,,,,,,,,,,,,,,,,,,,,,,,,,,,,,,,,,,,,,,,,,,,,,,,,,,,,,,,,,,,,,,,,,,,,,,,,,,,,,,,,,,,,,,,,,,,,,,,,,,,,,,,,,,,,,,,,,,,,,,,,,,,,,,,,,,,,026102,마케팅·광고·홍보·상품기획 사무원,,,,,,,,,※ 국가 유공자 및 장애인 등 취업보호대상자는 관계법령에 따라 우대합니다 [근무국가] - 한국,기타 채용 관련 문의사항은 채용 공고 페이지 상단 '채용문의' 또는 공지 사항을 참고하여 문의 부탁드립니다.,- 지원서 내용 중 허위사실이 있는 경우 합격이 취소될 수 있습니다.
36302,수시채용,휴메딕스,,20190215,20190415,http://www.humedix.com,http://recruit.huons.com/Recruit/careerDetail?announceType=&announceIdx=152&isOpen=0,http://www.work.go.kr/framework/filedownload/getImage.do?filePathName=KuBCC2IodBkj%2Frlv8XuRiguGtrHU3dxrLW5pirX9HNPD6Q%2FNa4vcidPFwpIEwGHZ7suWeZYPwv8GKFqD7PXO%2Fg%3D%3D,정규직,,,,,온라인 입사지원,,,,서류전형,,,,1차 면접(실무진),,,,인적성검사 및 2차 면접(경영진),,,,채용 검진,,,,최종 합격 / 입사,,,,,,,,기술지원부,- Utility 및 생산 설비 유지보수,경력,학력무관,- 전공 : 기계관련학과 전공자 우대 - 자격사항 : 기계, 설비 관련 자격증 소지자 우대 - 기타 : 제약공장 유지보수 업무 경험자 우대, 국가보훈대상자 및 복지카드 소유자 우대,2,,충북 제천시,경영지원본부,- 전략기획 및 법무,경력,,- 전공 : 상경계열, 법학계열 - 기타 : 해당 업무경력 7년 이상, 바이오/제약 산업 경험자, 컴퓨터활용 능력 우수자(EXCEL, PPT 등),1,,경기 안양시,마케팅팀,- 필러 마케팅 - 리즈톡스 마케팅,경력,,- 기타 : 총 경력 중 에스테틱 분야의 톡신, 필러 경험 2년 이상 필수(리즈톡스 마케팅, 1명 ) / - 에스테틱분야, 비급여 분야에서의 경험 필수(필러 마케팅, 1명),2,,경기 안양시,에스테틱1사업부,- 엘라비에 제약영업(MR),경력|신입,학력무관,- 자격사항 : 경력 3년이상 - 기타 : 필러, 미용성형기기, 웰빙주사제 영업 경력,1,,경기 안양시,에스테틱2사업부,- Filler 및 Toxin을 중심으로 한 Aesthetic 영업 (부산,대전),경력,,[우대사항] - 자격사항 : Filler와 Toxin 국내 영업 有 경험자, 병역필 또는 면제자로 해외여행에 결격사유가 없어야 합니다. - 기타 : 국가보훈대상자 및 장애인 관련서류 제출시 과계 법령에 의거 우대, 입사지원 서류 허위사실이 발견될 경우 채용 확정 이후라도 채용 취소 될수도 있습니다. [근무지] - 강원,충청,영남,호남,제주,2,,,,,,,,,,,,,,,,,,,,,,,,,,,,,,,,,,,,,,,,,,,,,,,,,,,,,,,,,,,,,,,,,,,,,,,,,,,,,,,,,,,,,,,,,,,,,,,,,,,,,,,,,,,,,,,,,,,,,,,,,,,01,경영·사무·금융·보험,02,연구 및 공학기술,,,,,,,<,,
36298,해외사업팀(영어권) 담당자,아프리카티비,중견기업,20190215,20190415,http://corp.afreecatv.com,https://recruit.afreecatv.com/#520,http://www.work.go.kr/framework/filedownload/getImage.do?filePathName=KuBCC2IodBkj%2Frlv8XuRirTW8VVbdvxZp%2BioNmBLyYt4HYUmPqULHHGyTMLZs2gp7suWeZYPwv8GKFqD7PXO%2Fg%3D%3D,정규직,,,,,입사지원,,,,서류심사,,,,1차 인터뷰,,,,2차 인터뷰,,,,최종합격,,,,※기타,,서류 전형 결과는 입사지원서 접수 마감일로부터 1주일 이후 홈페이지 지원결과 조회에서 확인 하실 수 있으며, 합격자에게는 유선 및 이메일을 통하며 개별적으로 안내드립니다.,,,,,,해외사업팀(영어권) 담당자,- 글로벌 원빌드 운영 지원 - 해외 방송자 및 시정자 유입 정책 수립,경력,,- 원어민 수준의 영어(Written&Spoken)이 가능한 분 - 게임 또는 문화 콘텐츠 관련 프로젝트 운영의 이해가 높은 분 - 해외시장의 트렌드와 문화에 대한 이해도가 높은,,,,,,,,,,,,,,,,,,,,,,,,,,,,,,,,,,,,,,,,,,,,,,,,,,,,,,,,,,,,,,,,,,,,,,,,,,,,,,,,,,,,,,,,,,,,,,,,,,,,,,,,,,,,,,,,,,,,,,,,,,,,,,,,,,,,,,,,,,,,,,,,,,,,,,,,,,,,01,경영·사무·금융·보험,,,,,,,,,,- 기타 문의사항은 recruit@afreecatv.com 으로 하시기 바랍니다.,- 최종 제출하신 지원서는 수정하실 수 없으니, 임시저장 기능을 활용하시기 바랍니다.
36292,[개인정보보호] 개인정보보호 업무 담당자 (5년 미만),한국카카오은행,대기업,20190215,20190415,https://www.kakaobank.com,https://kakaobank.recruiter.co.kr/app/jobnotice/view?systemKindCode=MRS2&jobnoticeSn=6711,http://www.work.go.kr/framework/filedownload/getImage.do?filePathName=KuBCC2IodBkj%2Frlv8XuRikllvXFHstD22ZTSxou4%2FB1nJxTKvrrXInEbGnSxP9M07suWeZYPwv8GKFqD7PXO%2Fg%3D%3D,정규직,,,,,서류전형,,,,1차 실무진 면접전형,,,,2차 경영진 면접전형,,,,연봉 및 처우협의,,,,최종합격,,,,,,,,,,,,개인정보보호(5년 미만),- 개인정보보호 컴플라이언스 이슈 검토 - 개인정보보호관리체계 인증업무 - 개인정보 점검 및 솔루션 운영 - 개인정보 수탁업체 점검 및 교육,경력,,- 금융권 개인정보보호 업무 경력자 - ISMS/PIMS 인증 업무 경험자 - CPPG, CISA, CISSP 소지자,0,,경기 성남시 분당구,,,,,,,,,,,,,,,,,,,,,,,,,,,,,,,,,,,,,,,,,,,,,,,,,,,,,,,,,,,,,,,,,,,,,,,,,,,,,,,,,,,,,,,,,,,,,,,,,,,,,,,,,,,,,,,,,,,,,,,,,,,,,,,,,,,,,,,,,,,,,,,,,,,,,,,,,135000,정보보안 전문가,,,,,,,,,[우대사항] - 국가유공자 및 장애인 등 취업보호대상자는 관계법령에 따라 우대합니다. (입사지원 시 증빙서류를 첨부하는 경우에 해당하며, 증빙서류는 포트폴리오 란에 첨부해주시길 바랍니다.) [근무지/근무부서] - 카카오뱅크 판교오피스 (경기도 성남시 분당구 판교역로 231) - 근무부서 : 개인정보보호파트 [복리후생] - 해외 컨퍼런스 참가비 지원, 사내 Insight & Trend 교육 진행 - 안식휴가, 반반차 제도, 연 15일 연차 - 단체상해보험 가입을 통한 의료비 지원, 매년 건강검진 지원 - 경조사 및 장례서비스 지원 - 자녀 교육비 지원, 대출이자 지원제도, 새로운 가족을 위한 휴가/휴직 - 편의시설, 스탠딩 책상, 영어호칭 ※ 복리후생 관련 자세한 사항은 채용홈페이지 참조,- 문의사항 : recruit@kakaobank.com / 채용Q&A,※ 각 전형 결과 및 면접 일정은 홈페이지 및 메일을 통해 개별적으로 안내드리고 있습니다. ※ 최근 6개월 내 카카오뱅크로의 지원이력이 있는 경우 입사지원이 제한됩니다.
36265,[인턴]교재 콘텐츠 기획 인턴,해커스,중견기업,20190211,20190411,http://www.hackers.com,http://recruit.hackers.com/remNormalList.php?act=view&idx=642,http://www.work.go.kr/framework/filedownload/getImage.do?filePathName=ZGI9%2BubbEcHpFsdRT26HvC%2FetZMOLnajPrEKSn6RPRzi9Y6jgXH7FbtxDY9kSBkl,기간제|기타,,,,,서류전형,,서류 합격자에 한하여 개별 연락,,인적성,,,,면접,,,,신체검사,,,,최종합격,,,,,,,,,,,,교재 콘텐츠 기획 [인턴],1. 수험서 및 학습서 콘셉트 기획 2. 수험서 및 학습서 콘텐츠 구성 기획 3. 교육 콘텐츠 조사 및 분석 4. 교육 시장 조사 및 분석,신입|인턴,,1. 영어 능력 우수자(TOEIC 900점 이상 또는 그에 준하는 시험 점수 소지자 우대) 2. MS Office 활용 능숙자,,,,,,,,,,,,,,,,,,,,,,,,,,,,,,,,,,,,,,,,,,,,,,,,,,,,,,,,,,,,,,,,,,,,,,,,,,,,,,,,,,,,,,,,,,,,,,,,,,,,,,,,,,,,,,,,,,,,,,,,,,,,,,,,,,,,,,,,,,,,,,,,,,,,,,,,,,,,01,경영·사무·금융·보험,026102,마케팅·광고·홍보·상품기획 사무원,,,,,,,[근무조건] - 급여사항 : 월 175만원 - 근무기간 : 3개월 [지원자격] - 기졸업자 또는 2019년 9월 졸업 예정자 - 남자의 경우 병역필 또는 면제자 - 해외여행에 결격사유가 없는 자 [복리후생] * 공고문 참고 바랍니다.,- 기타 문의사항은 채용사이트의 FAQ를 참고하시거나, Q&A로 문의주시기 바랍니다.,· 국가보훈대상자는 관계법에 의거 우대합니다. · 접수된 서류는 반환하지 않으며, 채용과 무관한 곳에는 사용하지 않습니다. · 공인자격/외국어 시험 성적은 유효기간 내의 것만 인정합니다. (원서접수마감일 기준) · 지원서 및 제출하신 서류에 허위사실이 확인 될 경우 해당자의 합격을 취소할 수 있으며,입사 이후라도 입사가 취소될 수 있습니다.
36255,제조 그룹 채용,블루버드,,20190214,20190414,http://www.bluebirdcorp.com,https://bluebird.shallwe.kr/_client/base/recruit/apply/recruit_list.asp,http://www.work.go.kr/framework/filedownload/getImage.do?filePathName=KuBCC2IodBkj%2Frlv8XuRioV1NPwMh8bNLKqYW2Yn%2FTphjL36CgXlE5bZZ4dXKiYv7suWeZYPwv8GKFqD7PXO%2Fg%3D%3D,정규직,,,,,서류심사,,,,온라인 인성검사,,,,실무/임원면접,,,,최종합격,,,,,,,,,,,,,,,,생산관리,- 제품 출하 관리 - 제품 자재 관리 - 기타 생산 소모품 관리,경력,고졸|박사,,,,,자재관리,-자재 입출고 관리 -자재 수불 관리 -재고 실사 및 관리,경력|신입,고졸|박사,,,,,,,,,,,,,,,,,,,,,,,,,,,,,,,,,,,,,,,,,,,,,,,,,,,,,,,,,,,,,,,,,,,,,,,,,,,,,,,,,,,,,,,,,,,,,,,,,,,,,,,,,,,,,,,,,,,,,,,,,,,,,,,,,,,,,,,,,,,,,,,,,,,,,016300,제조·생산 관리자,028300,자재·구매·물류 사무원,,,,,,,[복리후생] - 환영 케이크, 의료지원, 웰컴 패키지, 경조금/경조휴가, 사내카페, 기념일, 사내도서관, 정기/수시포상, 데일리 스트레칭 타임, 외국어 학습지원 등 상세내용 채용홈페이지 참조,- 채용페이지 '채용담당자에게 문의하기' 이용,
36254,남미영업분야 담당자 채용,블루버드,,20190214,20190414,http://www.bluebirdcorp.com,https://bluebird.shallwe.kr/_client/base/recruit/apply/recruit_list.asp,http://www.work.go.kr/framework/filedownload/getImage.do?filePathName=KuBCC2IodBkj%2Frlv8XuRioV1NPwMh8bNLKqYW2Yn%2FTphjL36CgXlE5bZZ4dXKiYv7suWeZYPwv8GKFqD7PXO%2Fg%3D%3D,정규직,,,,,서류심사,,,,온라인 인성검사,,,,실무/임원면접,,,,최종합격,,,,,,,,,,,,,,,,남미영업,- 남미 파트너 관계 구축/강화 - 주유 Vertical 채널 개척/확대 - 프로젝트/리드 발굴/Winning 등,경력|신입,,,,,,,,,,,,,,,,,,,,,,,,,,,,,,,,,,,,,,,,,,,,,,,,,,,,,,,,,,,,,,,,,,,,,,,,,,,,,,,,,,,,,,,,,,,,,,,,,,,,,,,,,,,,,,,,,,,,,,,,,,,,,,,,,,,,,,,,,,,,,,,,,,,,,,,,,,,,,,07,영업·판매·운전·운송,,,,,,,,,[복리후생] - 환영 케이크, 의료지원, 웰컴 패키지, 경조금/경조휴가, 사내카페, 기념일, 사내도서관, 정기/수시포상, 데일리 스트레칭 타임, 외국어 학습지원 등 상세내용 채용홈페이지 참조,- 채용페이지 '채용담당자에게 문의하기' 이용,
36230,[신입/경력]급여 담당자 채용,해커스,중견기업,20190214,20190414,http://www.hackers.com,http://recruit.hackers.com/remNormalList.php?act=view&idx=638,http://www.work.go.kr/framework/filedownload/getImage.do?filePathName=ZGI9%2BubbEcHpFsdRT26HvC%2FetZMOLnajPrEKSn6RPRzi9Y6jgXH7FbtxDY9kSBkl,정규직전환형|기타,,,,,서류전형,,서류 합격자에 한하여 개별 연락,,인적성/면접전형,,,,신체검사,,,,최종합격,,,,,,,,,,,,,,,,급여 담당자,1. Payroll작업, 4대보험관리, 원천세 신고, 연말정산 2. 인사행정,경력|신입,대졸(2~3)|박사,1. 엑셀 사용 가능자 2. SAP 프로그램 경험자 3. 연말정산 실무 경험자,,,,,,,,,,,,,,,,,,,,,,,,,,,,,,,,,,,,,,,,,,,,,,,,,,,,,,,,,,,,,,,,,,,,,,,,,,,,,,,,,,,,,,,,,,,,,,,,,,,,,,,,,,,,,,,,,,,,,,,,,,,,,,,,,,,,,,,,,,,,,,,,,,,,,,,,,,,,026201,인사 사무원,027100,회계 사무원,027101,재무 사무원,,,,,- 고용형태: 계약직 후 정규직 검토 - 근무체계 : 주 5일제 근무 + 월 1회 추가당직 - 연봉: 면접 후 협의 - 공통사항: 포괄연봉제,인센티브 별도, 퇴직연금(DC형) 기여금 포함 ※국가보훈대상자는 관계법에 의거 우대합니다. [복리후생] · 4대 보험 · 해커스 교육그룹 온/오프라인 강의 무료 수강 및 교재 할인(임직원 가족 할인) · 전국 체인 휴양소(콘도미니엄) 지원 : 대명리조트, 쏠비치/소노펠리체 해커스 전용객실 등 365일 이용가능 · 해커스 교육그룹 60여개 제휴업체 할인(스포츠센터/안과/피부과/헤어샵/음식점/카페 등) · 자유로운 산전후휴가/육아휴직제 · 사내 도서관 운영(희망도서 구매 신청 및 대여 가능) · 사내 간식 제공(모닝밀크/토스트) · 명절선물/상여금 · 야근자 식대/간식비/교통비 지원 · 정기 건강검진 · 경조사 지원 : 각종 경조금, 경조휴가제,- 기타 문의사항은 채용사이트의 FAQ를 참고하시거나, Q&A로 문의주시기 바랍니다.,- 접수된 서류는 반환하지 않으며, 채용과 무관한 곳에는 사용하지 않습니다. - 공인자격/외국어 시험 성적은 유효기간 내의 것만 인정합니다. (원서접수마감일 기준) - 지원서 및 제출하신 서류에 허위사실이 확인 될 경우 해당자의 합격을 취소할 수 있으며, 입사 이후라도 입사가 취소될 수 있습니다.
36226,[신입/경력]한국사 연구원 채용,해커스,중견기업,20190214,20190414,http://www.hackers.com,http://recruit.hackers.com/remNormalList.php?act=view&idx=639,http://www.work.go.kr/framework/filedownload/getImage.do?filePathName=ZGI9%2BubbEcHpFsdRT26HvC%2FetZMOLnajPrEKSn6RPRzi9Y6jgXH7FbtxDY9kSBkl,정규직,,,,,서류전형,,서류 합격자에 한하여 개별 연락,,필기/인적성 전형,,,,면접전형,,,,신체검사,,,,최종합격,,,,,,,,,,,,한국사 연구원,1. 한국사 콘텐츠 기획 및 제작 2. 한국사 교재 개발 및 교재 편집,경력|신입,박사,- 한국사능력검정시험 고급(1, 2급) 자격증 소지자 우대,,,,,,,,,,,,,,,,,,,,,,,,,,,,,,,,,,,,,,,,,,,,,,,,,,,,,,,,,,,,,,,,,,,,,,,,,,,,,,,,,,,,,,,,,,,,,,,,,,,,,,,,,,,,,,,,,,,,,,,,,,,,,,,,,,,,,,,,,,,,,,,,,,,,,,,,,,,,110100,인문과학 연구원,,,,,,,,,- 고용형태: 정규직 - 연봉: 면접 후 결정 - 공통사항: 포괄연봉제,퇴직연금(DC형) 기여금 포함 ※ 국가보훈대상자는 관계법에 의거 우대합니다. [복리후생] · 4대 보험 · 해커스 교육그룹 온/오프라인 강의 무료 수강 및 교재 할인(임직원 가족 할인) · 전국 체인 휴양소(콘도미니엄) 지원 : 대명리조트, 쏠비치/소노펠리체 해커스 전용객실 등 365일 이용가능 · 해커스 교육그룹 60여개 제휴업체 할인(스포츠센터/안과/피부과/헤어샵/음식점/카페 등) · 자유로운 산전후휴가/육아휴직제 · 사내 도서관 운영(희망도서 구매 신청 및 대여 가능) · 사내 간식 제공(모닝밀크/토스트) · 명절선물/상여금 · 야근자 식대/간식비/교통비 지원 · 정기 건강검진 · 경조사 지원 : 각종 경조금, 경조휴가제,- 기타 문의사항은 채용사이트의 FAQ를 참고하시거나, Q&A로 문의주시기 바랍니다.,- 접수된 서류는 반환하지 않으며, 채용과 무관한 곳에는 사용하지 않습니다. - 공인자격/외국어 시험 성적은 유효기간 내의 것만 인정합니다. (원서접수마감일 기준) - 지원서 및 제출하신 서류에 허위사실이 확인 될 경우 해당자의 합격을 취소할 수 있으며, 입사 이후라도 입사가 취소될 수 있습니다.
36224,[데브캣스튜디오]프로젝트RVS - 게임기획 인재 채용,넥슨코리아,중견기업,20190214,20190414,http://www.nexon.co.kr,https://career.nexon.com/user/recruit/notice/noticeView?joinCorp=NX&reNo=20190031,http://www.work.go.kr/framework/filedownload/getImage.do?filePathName=ZGI9%2BubbEcHpFsdRT26HvCtLkPmEbdw265dhQOvJqzN8CkDzwJCcaV3ydXwPdcwh,정규직,,,,,서류심사,,서류 심사 통과자에 한해 개별적으로 일정을 알려 드립니다. / 서류 접수 이후 4주 이내로 결과를 알려 드립니다.,,과제심사,,,,면접,,,,최종합격,,,,,,,,,,,,,,,,[데브캣스튜디오]프로젝트RVS - 게임기획,- 재페니메이션 스타일 신작게임의 게임기획 업무(컨텐츠/시스템),경력,,- Unity3D를 사용한 프로젝트 경험자 - RPG 장르의 시스템/컨텐츠 기획 경험자 - CBT 이상 진행 된 프로젝트에서 관련 업무를 수행하신 분,,,,,,,,,,,,,,,,,,,,,,,,,,,,,,,,,,,,,,,,,,,,,,,,,,,,,,,,,,,,,,,,,,,,,,,,,,,,,,,,,,,,,,,,,,,,,,,,,,,,,,,,,,,,,,,,,,,,,,,,,,,,,,,,,,,,,,,,,,,,,,,,,,,,,,,,,,,,026100,기획·마케팅 사무원,,,,,,,,,- 직군/직렬/직무 : 게임기획 / 게임기획 / 게임기획 - 근무형태 : 일반직_수습,- 채용 홈페이지 채용문의 참조,- 국가보훈대상자는 관련법규에 의거, 우대합니다. - 회사 소개는 http://company.nexon.com를 참조 부탁 드립니다.
36223,[G사업실] 모바일 프로젝트 사업PM 모집,넥슨코리아,중견기업,20190214,20190414,http://www.nexon.co.kr,https://career.nexon.com/user/recruit/notice/noticeView?joinCorp=NX&reNo=20190032,http://www.work.go.kr/framework/filedownload/getImage.do?filePathName=ZGI9%2BubbEcHpFsdRT26HvCtLkPmEbdw265dhQOvJqzN8CkDzwJCcaV3ydXwPdcwh,정규직,,,,,서류심사,,서류 심사 통과자에 한해 개별적으로 일정을 알려 드립니다. / 서류 접수 이후 4주 이내로 결과를 알려 드립니다.,,과제심사,,,,면접,,,,최종합격,,,,,,,,,,,,,,,,[G사업실] 모바일 프로젝트 사업PM,- 신규 모바일 게임 론칭 및 라이브 서비스 관리 - 데이터 분석 기반의 사업 지표 관리 - 서비스 중 필요한 라이브 컨텐츠 제작 - 사업 운영 관리에 필요한 커뮤니케이션 및 일정 관리,경력,,- 포토샵, 프리미어 등 디자인/영상 툴 활용 능력 보유자 - 외국어 능력 보유자(영어, 일본어, 중국어),,,,,,,,,,,,,,,,,,,,,,,,,,,,,,,,,,,,,,,,,,,,,,,,,,,,,,,,,,,,,,,,,,,,,,,,,,,,,,,,,,,,,,,,,,,,,,,,,,,,,,,,,,,,,,,,,,,,,,,,,,,,,,,,,,,,,,,,,,,,,,,,,,,,,,,,,,,,01,경영·사무·금융·보험,,,,,,,,,- 직군/직렬/직무 : 모바일사업 / 모바일게임 사업PM/ 모바일게임 사업PM - 근무형태 : 일반직_수습,- 채용 홈페이지 채용문의 참조,- 국가보훈대상자는 관련법규에 의거, 우대합니다. - 회사 소개는 http://company.nexon.com를 참조 부탁 드립니다.
36222,[G사업실] 모바일 사업 PM 모집,넥슨코리아,중견기업,20190214,20190414,http://www.nexon.co.kr,https://career.nexon.com/user/recruit/notice/noticeView?joinCorp=NX&reNo=20190033,http://www.work.go.kr/framework/filedownload/getImage.do?filePathName=ZGI9%2BubbEcHpFsdRT26HvCtLkPmEbdw265dhQOvJqzN8CkDzwJCcaV3ydXwPdcwh,정규직,,,,,서류심사,,서류 심사 통과자에 한해 개별적으로 일정을 알려 드립니다. / 서류 접수 이후 4주 이내로 결과를 알려 드립니다.,,과제심사,,,,면접,,,,최종합격,,,,,,,,,,,,,,,,모바일 사업 PM,- 라이브 타이틀 프로젝트 매니징 - 개발팀, 국내 / 국외 파트너사와 커뮤니케이션 - 개발 일정(런칭/패치) 관리 - 시장 조사 / 각종 데이터 분석 및 진단 - 이벤트 / BM 전략 수립 및 실행 - 게임성과 지표 개선을 위한 게임 분석 및 개선안 작성,경력,,- 모바일 MMORPG 장르를 좋아하고 이해도가 높은 분 - 모바일 게임 상위 랭커 - 능숙한 대외 커뮤니케이션 스킬을 가지고 있는 분 - 영어가 원어민 수준이신 분,,,,,,,,,,,,,,,,,,,,,,,,,,,,,,,,,,,,,,,,,,,,,,,,,,,,,,,,,,,,,,,,,,,,,,,,,,,,,,,,,,,,,,,,,,,,,,,,,,,,,,,,,,,,,,,,,,,,,,,,,,,,,,,,,,,,,,,,,,,,,,,,,,,,,,,,,,,,01,경영·사무·금융·보험,,,,,,,,,- 직군/직렬/직무 : 모바일사업 / 모바일게임 사업PM/ 모바일게임 사업PM - 근무형태 : 일반직_수습,- 채용 홈페이지 채용문의 참조,- 국가보훈대상자는 관련법규에 의거, 우대합니다. - 회사 소개는 http://company.nexon.com를 참조 부탁 드립니다.
36193,[E사업2팀] 모바일 게임 사업PM 담당자 모집,넥슨코리아,중견기업,20190212,20190412,http://www.nexon.co.kr,https://career.nexon.com/user/recruit/notice/noticeView?joinCorp=NX&reNo=20190029,http://www.work.go.kr/framework/filedownload/getImage.do?filePathName=ZGI9%2BubbEcHpFsdRT26HvCtLkPmEbdw265dhQOvJqzN8CkDzwJCcaV3ydXwPdcwh,정규직,,,,,서류심사,,,,과제심사,,,,면접,,,,최종합격,,,,,,,,,,,,,,,,모바일게임 사업PM,- 사업 목표 수립 및 프로젝트 관리 - 게임 컨텐츠 분석 및 개선제안 - 비지니스모델(BM) 설계 및 분석 - 라이브 서비스 이후 지표분석 및 관리,경력,,- 모바일 액션 RPG의 다수 게임 플레이 경험 - 대형 모바일/PC MMORPG 사업에 대한 프로세스 이해 및 경험 - 넥슨 PC온라인 게임 경험 - 긍정적인 마인드 및 원활한 커뮤니케이션 능력 - 외국어 가능자 우대(영어/중국어),,,,,,,,,,,,,,,,,,,,,,,,,,,,,,,,,,,,,,,,,,,,,,,,,,,,,,,,,,,,,,,,,,,,,,,,,,,,,,,,,,,,,,,,,,,,,,,,,,,,,,,,,,,,,,,,,,,,,,,,,,,,,,,,,,,,,,,,,,,,,,,,,,,,,,,,,,,,026101,경영 기획 사무원,,,,,,,,,- 직군: 모바일사업 - 근무형태: 일반직_수습 - 국가보훈대상자는 관계법규에 의거, 우대합니다.,- 채용홈페이지 '채용문의' 참조,- 서류 접수 이후 4주 이내로 결과를 알려 드립니다. - 서류 심사 통과자에 한해 개별적으로 일정을 알려 드립니다.
36173,[TECH] 보안 정책 담당자,크래프톤,중견기업,20190212,20190412,https://www.krafton.com,https://krafton.jobagent.co.kr:4431/jobinfo/jobinfo_view.asp?ID=1741,http://www.work.go.kr/framework/filedownload/getImage.do?filePathName=tqyczLUvysXSEcOVhPgDCmxZIgjVPaF7ZzuSXZtUGHLykeLuqDmTeRkwibATKd1ggq%2FTaPBEZO7snM72eFWmHLUc%2FjrVV6i%2Byj35yQdr2iY%3D,정규직,,,,,서류 심사,,,,실무팀인터뷰,,,,최종인터뷰,,,,최종합격,,,,,,,,,,,,,,,,보안 정책 담당자,- 개인정보∙정보보호∙보안정책 기획 운영 - 개인정보∙정보보호 국내∙외 법적 요구사항 대응 - 개인정보 Life Cycle 관리,경력,,- 정보보안기사, CISA, CISSP, CPPG 등 관련 자격 보유자 - GDPR 대응 경험 보유자 - ISMS, PIMS, ISO27001 등 심사원 자격 보유자 (심사일 수 30일 이상 시 가산 부여) - 영어를 읽고 쓰고 말하기에 자유로우신 분 - 우대 사항 해당자는 관련 증빙서류 첨부,,,,,,,,,,,,,,,,,,,,,,,,,,,,,,,,,,,,,,,,,,,,,,,,,,,,,,,,,,,,,,,,,,,,,,,,,,,,,,,,,,,,,,,,,,,,,,,,,,,,,,,,,,,,,,,,,,,,,,,,,,,,,,,,,,,,,,,,,,,,,,,,,,,,,,,,,,,,135000,정보보안 전문가,,,,,,,,,- 국가 유공자 및 장애인 등 취업보호대상자는 관계법령에 따라 우대합니다.,- 채용홈페이지 '채용FAQ' 등 참조,
36172,[TECH] 보안팀장,크래프톤,중견기업,20190212,20190412,https://www.krafton.com,https://krafton.jobagent.co.kr:4431/jobinfo/jobinfo_view.asp?ID=1740,http://www.work.go.kr/framework/filedownload/getImage.do?filePathName=tqyczLUvysXSEcOVhPgDCmxZIgjVPaF7ZzuSXZtUGHLykeLuqDmTeRkwibATKd1ggq%2FTaPBEZO7snM72eFWmHLUc%2FjrVV6i%2Byj35yQdr2iY%3D,정규직,,,,,서류 심사,,,,실무팀인터뷰,,,,최종인터뷰,,,,최종합격,,,,,,,,,,,,,,,,보안팀장,- 크래프톤 정보보안 기획, 운영, 대응 – 서비스, 시스템, 네트웍, 오피스의 IT 보안 - 게임 서비스의 서버, 클라이언트의 보안 취약성 점검 및 대안 제시,경력,,- 글로벌 서비스 유경험자: 다 국가 오피스 및 다 국가 서비스 유경험자 - AWS, Azure 등 클라우드 서비스에 대한 이해가 있으신 분 - x86, x64, ARM 등 리버스엔지니어링 가능하신 분 - 어플리케이션, 모바일, 웹 서비스 등에 대한 모의해킹과 취약점 진단 가능하신 분 - 정보보안기사, CISA, CISSP, CPPG 등 관련 자격 보유하신 분 - ISMS, PIMS, ISO27001 등 심사원 자격 보유 또는 경험하신 분,,,,,,,,,,,,,,,,,,,,,,,,,,,,,,,,,,,,,,,,,,,,,,,,,,,,,,,,,,,,,,,,,,,,,,,,,,,,,,,,,,,,,,,,,,,,,,,,,,,,,,,,,,,,,,,,,,,,,,,,,,,,,,,,,,,,,,,,,,,,,,,,,,,,,,,,,,,,135000,정보보안 전문가,,,,,,,,,- 국가 유공자 및 장애인 등 취업보호대상자는 관계법령에 따라 우대합니다.,- 채용홈페이지 '채용FAQ' 참조,
36076,[수시채용] 정보보안팀 정보보안 담당자 인재 모집,넥슨지티,중견기업,20190212,20190412,http://www.nexon-gt.com,https://career.nexon.com/user/recruit/notice/noticeView?joinCorp=GH&reNo=20190003,http://www.work.go.kr/framework/filedownload/getImage.do?filePathName=KuBCC2IodBkj%2Frlv8XuRimGpnj8tATA6zFYqerBwnlu9S0Uffwc9URYGo7HG8mBG7suWeZYPwv8GKFqD7PXO%2Fg%3D%3D,정규직,,,,,서류심사,,,,과제심사,,,,면접,,,,최종합격,,,,기타,,- 향후 일정은 전형별 합격자에 한하여 별도 안내 드립니다. - 서류접수 후 4주 이내로 결과를 알려 드립니다. - 전형 세부사항은 채용 홈페이지를 참고하시기 바랍니다.,,,,,,,,,,정보보안팀 정보보안 담당자,- 정보보안 정책(규정 및 지침) 수립 및 제/개정 검토 - Compliance 분석 및 대응방안 수립 - 정보보호관리체계(ISMS) 개선 및 관리 - 침해사고 대응/훈련 및 보안교육 - 보안시스템(방화벽, IDS, WIPS) 운영 관리,경력,,- 보안관련 학과 전공자 - 취약점 진단 수행 가능한 자 - 전략적이고 논리적인 사고 접근 및 보고서 작성에 강점이 있는 자 - 보안관련 자격증 보유자(ISMS-P, 정보보안기사, CISA, CISSP, CPPG 등),,,,,,,,,,,,,,,,,,,,,,,,,,,,,,,,,,,,,,,,,,,,,,,,,,,,,,,,,,,,,,,,,,,,,,,,,,,,,,,,,,,,,,,,,,,,,,,,,,,,,,,,,,,,,,,,,,,,,,,,,,,,,,,,,,,,,,,,,,,,,,,,,,,,,,,,,,,,135000,정보보안 전문가,,,,,,,,,- 직군/직렬/직무 : IT엔지니어 / 보안 / 보안기획 - 근무형태 : 일반직_수습 * 국가보훈대상자는 관련법규에 의거, 우대합니다.,- 채용 홈페이지 상단 "채용문의" 메뉴를 이용바랍니다.,- 회사 소개는 http://nexon-gt.com/을 참조 부탁 드립니다.
36026,Data Engineer (신규충원),엔에이치엔고도,중견기업,20190211,20190411,http://www.godo.co.kr,http://recruit.nhnent.com/ent/recruitings/20001127,http://www.work.go.kr/framework/filedownload/getImage.do?filePathName=KuBCC2IodBkj%2Frlv8XuRikFxnOJ5h2a9WAvXjPSpnN4q3xqTn5jsqMWpnNAb%2BF7L7suWeZYPwv8GKFqD7PXO%2Fg%3D%3D,정규직,,,,,서류전형,,,,1차 면접,,,,2차 면접,,,,최종합격,,,,기타,,전형일정은 서류 합격자에 한하여 개별 연락드립니다.,,,,,,,,,,Data Engineer,- Big Data Architecture 설계 및 구축 - 정형/비정형 Data 분석 및 Insight 개발 - 다양하고 복잡한 Data Architecture의 문제 해결,경력,,- Spark, ELK, R, MapReduce 사용 경험이 있는 분 - DB Monitoring 구축 및 운영 경험이 있는 분 - 반복된 작업이나 수작업을 자동화로 시도하시는 분 - 컴퓨터 공학 및 전산 관련학 전공자 우대,,,서울 구로구,,,,,,,,,,,,,,,,,,,,,,,,,,,,,,,,,,,,,,,,,,,,,,,,,,,,,,,,,,,,,,,,,,,,,,,,,,,,,,,,,,,,,,,,,,,,,,,,,,,,,,,,,,,,,,,,,,,,,,,,,,,,,,,,,,,,,,,,,,,,,,,,,,,,,,,,,134102,데이터 분석가(빅데이터 분석가),,,,,,,,,- 지원자격 : 병역필 혹은 면제로 해외여행에 결격 사유가 없는 분 - 국가보훈해당자 및 장애인은 관련 법률에 의거 우대합니다.(증빙서류 제출자에 한함) - 근무지는 NHN고도(서울 구로구 디지털로26길 72 NHN한국사이버결제 2-3층)입니다.,- 채용홈페이지 채용문의 참조,- 본 채용은 상시 채용으로 면접이 수시로 진행되며, 先지원자에게 기회가 먼저 부여되므로 빠른 지원 바랍니다. - 제출서류에 허위기재 또는 기재착오, 구비서류 미제출 등으로 인한 불이익은 응시자 본인의 책임으로 합니다. - 당사소개 및 기타 자세한 사항은 홈페이지(http://www.godo.co.kr/company/main.gd)를 참조하시기 바랍니다.
36024,Java 웹 서비스 및 플랫폼 개발자 채용,엔에이치엔엔터테인먼트,중견기업,20190211,20190411,http://www.nhnent.com,http://recruit.nhnent.com/ent/recruitings/20001115,http://www.work.go.kr/framework/filedownload/getImage.do?filePathName=KuBCC2IodBkj%2Frlv8XuRisrJqQij789SYiMWgAZC%2FBUpJqeHmr%2Bv3gMrjeE%2BaB1x7suWeZYPwv8GKFqD7PXO%2Fg%3D%3D,정규직,,,,,서류전형,,전형일정은 서류 합격자에 한하여 개별 연락 드립니다.,,필기 테스트/1차 면접,,필기테스트/1차면접 전형은 모집 부문에 따라 변경 될 수 있으며, 각 단계별 합격자에게 상세하게 안내드립니다.,,2차 면접,,,,최종합격,,,,,,,,,,,,,,,,웹 개발,- 웹 서비스 플랫폼 개발 - 유저 타겟팅 시스템, 쿠폰 시스템, 이벤트 플랫폼, 배너 플랫폼, 프로젝트 매니징 플랫폼 등 웹 서비스를 효율적으로 운영하기 위한 기반 플랫폼 개발 - 한게임 웹 포털 서비스 및 운영툴 개발 - 한게임 메인, 유료 서비스, 게임 웹 및게임 운영툴 등 한게임 전반에 대한 서비스 및 운영툴 개발 - 웹 서비스간, 웹 서비스와 게임 간의 연계를위한 API 서버 개발,경력,,- 레거시 코드를 적극적으로 리팩토링할수 있는 기술과 열정이 있으신 분 - 업무를 통해 개발적으로 성장하고자 하는욕구가 높고 책임감이 강하신 분 - 유관 부서와의 원활한 커뮤니케이션 능력과 긍정적인 마인드,,,경기 성남시 분당구,,,,,,,,,,,,,,,,,,,,,,,,,,,,,,,,,,,,,,,,,,,,,,,,,,,,,,,,,,,,,,,,,,,,,,,,,,,,,,,,,,,,,,,,,,,,,,,,,,,,,,,,,,,,,,,,,,,,,,,,,,,,,,,,,,,,,,,,,,,,,,,,,,,,,,,,,024,소프트웨어,,,,,,,,,- 지원자격 : 병역필 혹은 면제로 해외여행에 결격 사유가 없는 자 - 국가보훈해당자 및 장애인은 관련 법률에 의거 우대합니다.(증빙서류 제출자에 한함),- 채용홈페이지 채용문의 참조,- 본 채용은 상시 채용으로 면접이 수시로 진행되며, 先지원자에게 기회가 먼저 부여되므로 빠른 지원 바랍니다. - 제출서류에 허위기재 또는 기재착오, 구비서류 미제출 등으로 인한 불이익은 응시자 본인의 책임으로 합니다. - 제출서류나 각종 증명서의 기재내용이 허위일 경우, 응시를 무효로 하며 합격을 취소합니다. - 당사 소개 및 기타 자세한 사항은 홈페이지(http://www.nhnent.com)를 참조하시기 바랍니다.
35985,[카트] 카트라이더 리마스터 배경 모델러 모집,넥슨코리아,중견기업,20190208,20190408,http://www.nexon.co.kr,https://career.nexon.com/user/recruit/notice/noticeView?joinCorp=NX&reNo=20190005,http://www.work.go.kr/framework/filedownload/getImage.do?filePathName=ZGI9%2BubbEcHpFsdRT26HvCtLkPmEbdw265dhQOvJqzN8CkDzwJCcaV3ydXwPdcwh,정규직,,,,,서류심사,,서류 심사 통과자에 한해 개별적으로 일정을 알려 드립니다. / 서류 접수 이후 4주 이내로 결과를 알려 드립니다.,,과제심사,,,,면접,,,,최종합격,,,,,,,,,,,,,,,,카트라이더 리마스터 배경 모델러,- 3D 배경 에셋 제작 (배경에 배치될 각종 인공,자연물 모델링,텍스쳐 제작),경력|신입,,- Substance Designer 사용 가능 하신 분. - 업무관련 꾸준한 자기개발에 관심이 높으신 분.,,,,,,,,,,,,,,,,,,,,,,,,,,,,,,,,,,,,,,,,,,,,,,,,,,,,,,,,,,,,,,,,,,,,,,,,,,,,,,,,,,,,,,,,,,,,,,,,,,,,,,,,,,,,,,,,,,,,,,,,,,,,,,,,,,,,,,,,,,,,,,,,,,,,,,,,,,,,415502,게임 디자이너,,,,,,,,,- 직군/직렬/직무 : 게임아트 / 3D 게임아트 / 배경모델러 - 근무형태 : 일반직_수습,- 채용 홈페이지 채용문의 참조,- 국가보훈대상자는 관련법규에 의거, 우대합니다. - 회사 소개는 http://company.nexon.com를 참조 부탁 드립니다.
35984,[카트] 카트라이더 3D 모델러 및 애니메이터 계약직 모집,넥슨코리아,중견기업,20190208,20190408,http://www.nexon.co.kr,https://career.nexon.com/user/recruit/notice/noticeView?joinCorp=NX&reNo=20180390,http://www.work.go.kr/framework/filedownload/getImage.do?filePathName=ZGI9%2BubbEcHpFsdRT26HvCtLkPmEbdw265dhQOvJqzN8CkDzwJCcaV3ydXwPdcwh,기타,,,,,서류심사,,서류 심사 통과자에 한해 개별적으로 일정을 알려 드립니다. / 서류 접수 이후 4주 이내로 결과를 알려 드립니다.,,과제심사,,,,면접,,,,최종합격,,,,,,,,,,,,,,,,카트라이더 3D 모델러 및 애니메이터,- 3D 모델러 - 각종 3D 리소스 (카트, 캐릭터 등) 제작 - 게임 내 이펙트, 에니메이션 제작,경력|신입,,- 게임 내 이펙트, 에니메이션 제작 경험을 갖추신 분 - 긍정적인 마인드와 책임감을 갖추신 분 - 창의력과 근성, 꼼꼼함을 갖추신 분,,,,,,,,,,,,,,,,,,,,,,,,,,,,,,,,,,,,,,,,,,,,,,,,,,,,,,,,,,,,,,,,,,,,,,,,,,,,,,,,,,,,,,,,,,,,,,,,,,,,,,,,,,,,,,,,,,,,,,,,,,,,,,,,,,,,,,,,,,,,,,,,,,,,,,,,,,,,415502,게임 디자이너,,,,,,,,,- 직군/직렬/직무 : 게임아트 / 3D 게임아트 / 캐릭터모델러 - 근무형태 : 계약직,- 채용 홈페이지 채용문의 참조,- 국가보훈대상자는 관련법규에 의거, 우대합니다. - 회사 소개는 http://company.nexon.com를 참조 부탁 드립니다.
35980,법무 담당자 채용,블루버드,,20190208,20190408,http://www.bluebirdcorp.com,https://bluebird.shallwe.kr/_client/base/recruit/apply/recruit_list.asp,http://www.work.go.kr/framework/filedownload/getImage.do?filePathName=KuBCC2IodBkj%2Frlv8XuRioV1NPwMh8bNLKqYW2Yn%2FTphjL36CgXlE5bZZ4dXKiYv7suWeZYPwv8GKFqD7PXO%2Fg%3D%3D,정규직,,,,,서류심사,,,,온라인 인성검사,,,,실무/임원면접,,,,최종합격,,,,,,,,,,,,,,,,법무 담당,- 기업법무 일반(등기, 공문, 송무 등) - 국문, 영문계약서 작성 및 검토 - 계약관련 리스크 관리 - 특허 등 지식재산권 관리 업무,경력,,,,,,,,,,,,,,,,,,,,,,,,,,,,,,,,,,,,,,,,,,,,,,,,,,,,,,,,,,,,,,,,,,,,,,,,,,,,,,,,,,,,,,,,,,,,,,,,,,,,,,,,,,,,,,,,,,,,,,,,,,,,,,,,,,,,,,,,,,,,,,,,,,,,,,,,,,,,,,222003,법무 사무원(일반 기업체),,,,,,,,,[복리후생] - 환영 케이크, 의료지원, 웰컴 패키지, 경조금/경조휴가, 사내카페, 기념일, 사내도서관, 정기/수시포상, 데일리 스트레칭 타임, 외국어 학습지원 등 상세내용 채용홈페이지 참조,- 채용페이지 '채용담당자에게 문의하기' 이용,
35966,[카트] 카트라이더 프로그래머 모집,넥슨코리아,중견기업,20190207,20190407,http://www.nexon.co.kr,https://career.nexon.com/user/recruit/notice/noticeView?joinCorp=NX&reNo=20180277,http://www.work.go.kr/framework/filedownload/getImage.do?filePathName=ZGI9%2BubbEcHpFsdRT26HvCtLkPmEbdw265dhQOvJqzN8CkDzwJCcaV3ydXwPdcwh,정규직,,,,,서류심사,,,,과제심사,,,,면접,,,,최종합격,,,,,,,,,,,,,,,,게임프로그래머,- 카트라이더 국내/해외 라이브 서비스 지원 - 카트라이더 신규 컨텐츠 개발 및 유지 보수,경력|신입,,- 사교성이 뛰어난 분 환영 혹은 아래 내용에 해당 되면 우대 해드립니다. - 라이브 게임 서비스 경험이 있으신 분 -ASP/C# 등 웹 어플리케이션 개발 경험이 있으신 분 - DBMS (오라클,MS-SQL, MySQL 등) 및 SQL 에 대한 지식 있으신 분 - 윈도우 서버 관리 관련 지식이 있으신 분,,,,,,,,,,,,,,,,,,,,,,,,,,,,,,,,,,,,,,,,,,,,,,,,,,,,,,,,,,,,,,,,,,,,,,,,,,,,,,,,,,,,,,,,,,,,,,,,,,,,,,,,,,,,,,,,,,,,,,,,,,,,,,,,,,,,,,,,,,,,,,,,,,,,,,,,,,,,133206,게임 프로그래머,,,,,,,,,- 직군: 게임프로그래밍 - 근무형태: 일반직_수습 - 국가보훈대상자는 관련법규에 의거, 우대합니다.,- 채용홈페이지 '채용문의' 참조,- 서류 접수 이후 4주 이내로 결과를 알려 드립니다. - 서류 심사 통과자에 한해 개별적으로 일정을 알려 드립니다.
35961,[감사] 감사업무 담당자,한국카카오은행,대기업,20190208,20190408,https://www.kakaobank.com,https://kakaobank.recruiter.co.kr/app/jobnotice/view?systemKindCode=MRS2&jobnoticeSn=4353,http://www.work.go.kr/framework/filedownload/getImage.do?filePathName=KuBCC2IodBkj%2Frlv8XuRikllvXFHstD22ZTSxou4%2FB1nJxTKvrrXInEbGnSxP9M07suWeZYPwv8GKFqD7PXO%2Fg%3D%3D,정규직,,,,,서류전형,,,,1차 실무진 면접전형,,,,2차 경영진 면접전형,,,,연봉 및 처우협의,,,,최종합격,,,,기타,,각 전형 결과 및 면접 일정은 홈페이지 및 메일을 통해 개별적으로 안내드리고 있습니다.,,,,,,민원 업무 담당자,- 은행 감사업무 전반 - 은행 감사전략 수립 및 감사업무 기획, 감사제도 개선 및 조사 - 감사업무 수행 및 감사보고서 작성, 심의 - 대외감독기관 대응 등,경력,,- 리스크관리, ALM, 여수신 상품 개발 관련 업무 경험이 있는 분 - 은행 등 금융회사의 감사 관련 부서에서 업무 경험이 있는 분 - 금융회사의 내부통제에 대한 관심이 많은 분,0,,경기 성남시 분당구,,,,,,,,,,,,,,,,,,,,,,,,,,,,,,,,,,,,,,,,,,,,,,,,,,,,,,,,,,,,,,,,,,,,,,,,,,,,,,,,,,,,,,,,,,,,,,,,,,,,,,,,,,,,,,,,,,,,,,,,,,,,,,,,,,,,,,,,,,,,,,,,,,,,,,,,,026400,감사 사무원,,,,,,,,,[공통 우대사항] - 국가유공자 및 장애인 등 취업보호대상자는 관계법령에 따라 우대합니다. (입사지원 시 증빙서류를 첨부하는 경우에 해당하며, 증빙서류는 포트폴리오 란에 첨부해주시길 바랍니다.) [근무부서] - 감사파트 [근무지] - 판교오피스 (경기도 성남시 분당구 판교역로 231),- 문의사항 : recruit@kakaobank.com / 채용Q&A,※ 영입 완료 시 조기에 마감될 수 있는 수시채용으로 진행 중이며, 공고마감일은 정해지지 않았습니다.
35948,범용선반기술자(밀링)모집,청우유체,,20190208,20190408,http://www.cwpump.com,,http://www.work.go.kr/framework/filedownload/getImage.do?filePathName=tqyczLUvysXSEcOVhPgDCobxsils1ikr5N2Zj7rZdR3eugjnAbTdeA%2B1Lu2z8NuukmiQr%2BFOr%2FqDwjMYVtzekxA1dZ%2Bk60gB%2B%2F7XID%2BNk2g%3D,정규직전환형,,,,,이력서 접수,,,,면접,,,,,,,,,,,,,,,,,,,,,,,,범용 밀링기조작원,- 범용 선반 기술자 (단,범용밀링조작가능자),경력,학력무관,,1,,,,,,,,,,,,,,,,,,,,,,,,,,,,,,,,,,,,,,,,,,,,,,,,,,,,,,,,,,,,,,,,,,,,,,,,,,,,,,,,,,,,,,,,,,,,,,,,,,,,,,,,,,,,,,,,,,,,,,,,,,,,,,,,,,,,,,,,,,,,,,,,,,,,,,,,,,,813204,범용 밀링기조작원,,,,,,,,,- 연봉 25,000,000원 이상 ~ 30,000,000 원 이하 (면접 후 결정 가능) ※ 주중)오전 8시30분-오후7시30분 / (토) 격주근무 (근무시 8시30분~5시) (하루 2시간 시간외 수당 지급) - 4대보험 / 퇴직연금 / 그 외 사항 면접 후 조정 가능 - 근무지 : 당사 공장,- 채용담당자 전병수 : 02-2619-0864 / 010-5313-7568,
35927,게임 영상 디자이너 모집,네오플,대기업,20190207,20190407,http://www.neople.co.kr,https://career.nexon.com/user/recruit/notice/noticeView?joinCorp=NO&reNo=20190005,http://www.work.go.kr/framework/filedownload/getImage.do?filePathName=ZGI9%2BubbEcHpFsdRT26HvJbiuPVRQ9xobDJl6gW0v%2BCmkmGF3C5wdGXFAsYxbUKV,정규직,,,,,서류심사,,,,과제심사,,,,면접,,,,최종합격,,,,기타,,- 서류 검토 기간은 최대 한달이며, 개별적으로 결과를 알려 드립니다. - 전형상세사항은 채용홈페이지 참조,,,,,,,,,,게임 영상 디자이너,- 네오플 제작 게임(던전앤파이터, 사이퍼즈 등) 의 시네마틱 영상 등 인게임 컨텐츠 제작 - 네오플 제작 게임 홍보 영상 제작,경력,,- 던전앤파이터를 즐겨하시고 게임에 대한 이해도가 높으신 분,,,,,,,,,,,,,,,,,,,,,,,,,,,,,,,,,,,,,,,,,,,,,,,,,,,,,,,,,,,,,,,,,,,,,,,,,,,,,,,,,,,,,,,,,,,,,,,,,,,,,,,,,,,,,,,,,,,,,,,,,,,,,,,,,,,,,,,,,,,,,,,,,,,,,,,,,,,,415502,게임 디자이너,,,,,,,,,- 직군/직렬/직무 : 멀티미디어 / 영상 / 영상 - 국가보훈대상자 및 장애인은 관련법규에 의거하여 우대합니다.,- 채용홈페이지 > 채용문의,- 네오플 블로그_네오플로그 http://blog.naver.com/neoplog
33000,콘텐츠 기획 / 영상 디자인 인턴,스마트스터디,,20181119,20191207,http://www.smartstudy.co.kr,https://smartstudy.workable.com/j/6B015BA417,http://www.work.go.kr/framework/filedownload/getImage.do?filePathName=KuBCC2IodBkj%2Frlv8XuRipsYCAiU0F8MTPGZSFY1Rek4uMWVagJBCVAtvg1B38sM7suWeZYPwv8GKFqD7PXO%2Fg%3D%3D,정규직전환형|기간제|기타,,,,,서류전형,,,,실무면접,,12월 둘째주~셋째주 예정,,최종합격,,,,,,,,,,,,,,,,,,,,콘텐츠 기획 / 영상 디자인(정규직전환형),[주요업무] * 콘텐츠 기획자 - 아이들이 스스로 찾아서 보는 즐겁고 유익한 교육 콘텐츠 개발 - 어른에게도, 아이에게도 즐겁고 유익한 동요, 동화, 다큐멘터리 기획 및 제작 - 유아동을 위한 Play&Learn 커리큘럼 개발 - 글로벌 서비스를 위한 다국어 버전 제작 # 업무내용 * 콘텐츠 주제선정(동물, 우주, 인체, 영어학습, 체조, 정서, 과학, 미술 등)->장르결정(동요, 동화, 다큐 등) -> 주제와 장르에 맞는 구성요소 기획(스토리 플롯, 가사, 음원, BG 등) -> 제작 * 캐릭터 및 영상 디자이너 - 핑크퐁 유아동 교육 콘텐츠 내 캐릭터 디자인, 영상 컨셉 디자인(포토샵, 일러스트레이터 사용) - 영상 기획 및 스토리보드 제작, 마스터 영상 제작(플래시, 애프터이펙트 사용) [자격요건] - 유아동 콘텐츠 제작 경험 - 어린이 애니메이션, 유아 교육 콘텐츠를 좋아하는 분 - 창의적 아이디어와 재미있게 표현하는 센스를 갖추신 분 - 여러 사람과의 협업을 잘 이끌어 낼 수 있는 커뮤니케이션 능력을 가진 분 - 실행력과 꼼꼼함을 두루 갖추신 분,인턴,,,,,,,,,,,,,,,,,,,,,,,,,,,,,,,,,,,,,,,,,,,,,,,,,,,,,,,,,,,,,,,,,,,,,,,,,,,,,,,,,,,,,,,,,,,,,,,,,,,,,,,,,,,,,,,,,,,,,,,,,,,,,,,,,,,,,,,,,,,,,,,,,,,,,,,,,,,,,,05,예술·디자인·방송·스포츠,,,,,,,,,[근무기간] - 3개월(1월 2일 입사예정) / 근무우수자에 한해 정규직 전환 기회 부여 [우대사항] * 콘텐츠 기획자 - 영어 또는 중국어, 일본어, 스페인어 등 1개 이상 언어에 능통하신 분 - 음악 관련 기획이나 동아리 경험이 있으신 분 - 유아동을 위한 Play&Learn 커리큘럼 개발 * 캐릭터 및 영상 디자이너 - 드로잉, 영상 제작 모두 가능하신 분 - 밝은 색감, 유아동 콘텐츠에 대한 이해가 높은 분 [Benefits] - '별명+님'으로 부르는 수평적 호칭 문화 - 나만의 개성이 담긴, 네트워킹이 잘 되는 캐릭터 명함 - 본인 결혼시 경조금 '나이×4만원' 지급 - 동아리 활동 지원(상어 가족 수영 동아리 등) - 유연한 출퇴근 시간&어디서든 원격 재택 근무가 가능한 합리적인 자율 근무,- 채용문의 : hr_mate@smartstudy.co.kr,※ 자세한 내용은 채용홈페이지를 참조바랍니다.
